-- Заполнение таблицы users
INSERT INTO users (name, surname, middle_name, email)
VALUES
('Іван', 'Іванов', 'Іванович', 'ivan.ivanov1@example.com'),
('Петро', 'Петров', 'Петрович', 'petro.petrov2@example.com'),
('Сергій', 'Сергеєв', 'Сергійович', 'sergiy.sergeev3@example.com'),
('Олексій', 'Олексієв', 'Олексійович', 'oleksiy.olekseev4@example.com'),
('Дмитро', 'Дмитрієв', 'Дмитрович', 'dmytro.dmitriev5@example.com'),
('Михайло', 'Михайлов', 'Михайлович', 'mykhaylo.mykhaylov6@example.com'),
('Андрій', 'Андреєв', 'Андрійович', 'andriy.andreev7@example.com'),
('Володимир', 'Володимиров', 'Володимирович', 'volodymyr.volodymyrov8@example.com'),
('Антон', 'Антонов', 'Антонович', 'anton.antonov9@example.com'),
('Микола', 'Миколаєв', 'Миколайович', 'mykola.mykolaev10@example.com'),
('Ольга', 'Ольгівна', 'Ольгівна', 'olga.olgina11@example.com'),
('Марія', 'Мариніна', 'Маріївна', 'maria.marina12@example.com'),
('Олена', 'Оленіна', 'Оленівна', 'olena.olenina13@example.com'),
('Тетяна', 'Тетяніна', 'Тетянівна', 'tetyana.tetyanina14@example.com'),
('Світлана', 'Світліна', 'Світланівна', 'svitlana.svitlina15@example.com'),
('Анастасія', 'Анастасіна', 'Анастасівна', 'anastasia.anastasina16@example.com'),
('Катерина', 'Катеринина', 'Катеринівна', 'kateryna.katerynina17@example.com'),
('Наталія', 'Наталієва', 'Наталіївна', 'nataliya.natalieva18@example.com'),
('Юлія', 'Юлієва', 'Юліївна', 'yulia.yulieva19@example.com'),
('Дарина', 'Даріївна', 'Даріївна', 'daryna.daryevna20@example.com'),
('Віктор', 'Вікторов', 'Вікторович', 'viktor.viktorov21@example.com'),
('Роман', 'Романов', 'Романович', 'roman.romanov22@example.com'),
('Ігор', 'Ігоров', 'Ігорович', 'igor.igorev23@example.com'),
('Кирило', 'Кирилов', 'Кирилович', 'kyrylo.kyrylov24@example.com'),
('Максим', 'Максимов', 'Максимович', 'maksym.maksymov25@example.com'),
('Лев', 'Львів', 'Львович', 'lev.lvov26@example.com'),
('Георгій', 'Георгієв', 'Георгійович', 'georgiy.georgiev27@example.com'),
('Павло', 'Павлов', 'Павлович', 'pavlo.pavlov28@example.com'),
('Федір', 'Федоров', 'Федорович', 'fedir.fedorov29@example.com'),
('Артем', 'Артемов', 'Артемович', 'artem.artemov30@example.com'),
('Олександр', 'Олександров', 'Олександрович', 'oleksandr.oleksandrov31@example.com'),
('Валерій', 'Валерійов', 'Валерійович', 'valeriy.valeriyov32@example.com'),
('Борис', 'Борисов', 'Борисович', 'boris.borisov33@example.com'),
('Григорій', 'Григорієв', 'Григорійович', 'grygoriy.grygoryev34@example.com'),
('Денис', 'Денисов', 'Денисович', 'denys.denysov35@example.com'),
('Євген', 'Євгенов', 'Євгенович', 'yevgen.yevgenov36@example.com'),
('Жанна', 'Жаннов', 'Жанівна', 'zhanna.zhannov37@example.com'),
('Зоя', 'Зоєва', 'Зоєвна', 'zoya.zoyeva38@example.com'),
('Інна', 'Іннова', 'Іннівна', 'inna.innova39@example.com'),
('Каріна', 'Карініна', 'Каринівна', 'karina.karinina40@example.com'),
('Ірина', 'Іріїна', 'Іріївна', 'iryna.irina41@example.com'),
('Оксана', 'Оксаніна', 'Оксанівна', 'oksana.oksanina42@example.com'),
('Василь', 'Васильєв', 'Васильович', 'vasyl.vasylov43@example.com'),
('Тимофій', 'Тимофіїв', 'Тимофійович', 'tymoshiy.tymoshiyov44@example.com'),
('Світлана', 'Светланівна', 'Светланівна', 'svitlana.svetlanivna45@example.com'),
('Зіновій', 'Зіновіїв', 'Зіновійович', 'zinoviy.zinoviyov46@example.com'),
('Ілля', 'Ільїнов', 'Ільїнович', 'ilya.ilyinov47@example.com'),
('Лариса', 'Ларисіна', 'Ларисівна', 'larisa.larisina48@example.com'),
('Роксолана', 'Роксоланівна', 'Роксоланівна', 'roxolana.roxolanivna49@example.com'),
('Ярослав', 'Ярославів', 'Ярославович', 'yaroslav.yaroslavov50@example.com');

-- Заполнение таблицы users_roles
-- Врачи
INSERT INTO users_roles (user_id, role_id)
VALUES
(1, 2),
(2, 2),
(3, 2),
(4, 2),
(5, 2),
(6, 2),
(7, 2),
(8, 2),
(9, 2),
(10, 2);

-- Пациенты
INSERT INTO users_roles (user_id, role_id)
VALUES
(11, 1),
(12, 1),
(13, 1),
(14, 1),
(15, 1),
(16, 1),
(17, 1),
(18, 1),
(19, 1),
(20, 1),
(21, 1),
(22, 1),
(23, 1),
(24, 1),
(25, 1),
(26, 1),
(27, 1),
(28, 1),
(29, 1),
(30, 1),
(31, 1),
(32, 1),
(33, 1),
(34, 1),
(35, 1),
(36, 1),
(37, 1),
(38, 1),
(39, 1),
(40, 1),
(41, 1),
(42, 1),
(43, 1),
(44, 1),
(45, 1),
(46, 1),
(47, 1),
(48, 1),
(49, 1),
(50, 1);

-- Заполнение таблицы phone_numbers
INSERT INTO phone_numbers (number, country_code, user_id)
VALUES
('0441234567', '+38', 1),
('0632345678', '+38', 2),
('0933456789', '+38', 3),
('0964567890', '+38', 4),
('0995678901', '+38', 5),
('0666789012', '+38', 6),
('0677890123', '+38', 7),
('0988901234', '+38', 8),
('0449012345', '+38', 9),
('0630123456', '+38', 10),
('0931234567', '+38', 11),
('0962345678', '+38', 12),
('0993456789', '+38', 13),
('0664567890', '+38', 14),
('0675678901', '+38', 15),
('0986789012', '+38', 16),
('0447890123', '+38', 17),
('0638901234', '+38', 18),
('0939012345', '+38', 19),
('0960123456', '+38', 20),
('0991234567', '+38', 21),
('0662345678', '+38', 22),
('0673456789', '+38', 23),
('0984567890', '+38', 24),
('0445678901', '+38', 25),
('0636789012', '+38', 26),
('0937890123', '+38', 27),
('0968901234', '+38', 28),
('0999012345', '+38', 29),
('0660123456', '+38', 30),
('0671234567', '+38', 31),
('0982345678', '+38', 32),
('0443456789', '+38', 33),
('0634567890', '+38', 34),
('0935678901', '+38', 35),
('0966789012', '+38', 36),
('0997890123', '+38', 37),
('0668901234', '+38', 38),
('0679012345', '+38', 39),
('0980123456', '+38', 40),
('0445678902', '+38', 41),
('0632345677', '+38', 42),
('0933456788', '+38', 43),
('0964567889', '+38', 44),
('0995678890', '+38', 45),
('0666789001', '+38', 46),
('0677890112', '+38', 47),
('0988901223', '+38', 48),
('0449012334', '+38', 49),
('0630123445', '+38', 50);

-- Заполнение таблицы booked_doctors с разным количеством посещений
INSERT INTO booked_doctors (patient_id, doctor_id, appointment_time)
VALUES
(11, 1, '2024-05-25 10:00:00'),
(12, 1, '2024-05-25 11:00:00'),
(13, 2, '2024-05-25 12:00:00'),
(14, 2, '2024-05-25 13:00:00'),
(15, 3, '2024-05-25 14:00:00'),
(16, 3, '2024-05-25 15:00:00'),
(17, 4, '2024-05-25 16:00:00'),
(18, 4, '2024-05-25 17:00:00'),
(19, 5, '2024-05-25 18:00:00'),
(20, 5, '2024-05-26 10:00:00'),
(21, 6, '2024-05-26 11:00:00'),
(22, 6, '2024-05-26 12:00:00'),
(23, 7, '2024-05-26 13:00:00'),
(24, 7, '2024-05-26 14:00:00'),
(25, 8, '2024-05-26 15:00:00'),
(26, 8, '2024-05-26 16:00:00'),
(27, 9, '2024-05-27 10:00:00'),
(28, 9, '2024-05-27 11:00:00'),
(29, 10, '2024-05-27 12:00:00'),
(30, 10, '2024-05-27 13:00:00'),
(31, 1, '2024-05-28 10:00:00'),
(32, 2, '2024-05-28 11:00:00'),
(33, 3, '2024-05-28 12:00:00'),
(34, 4, '2024-05-28 13:00:00'),
(35, 5, '2024-05-29 10:00:00'),
(36, 6, '2024-05-29 11:00:00'),
(37, 7, '2024-05-29 12:00:00'),
(38, 8, '2024-05-29 13:00:00'),
(39, 9, '2024-05-30 10:00:00'),
(40, 10, '2024-05-30 11:00:00'),
(41, 1, '2024-05-31 10:00:00'),
(42, 2, '2024-05-31 11:00:00'),
(43, 3, '2024-05-31 12:00:00'),
(44, 4, '2024-05-31 13:00:00'),
(45, 5, '2024-06-01 10:00:00'),
(46, 6, '2024-06-01 11:00:00'),
(47, 7, '2024-06-01 12:00:00'),
(48, 8, '2024-06-01 13:00:00'),
(49, 9, '2024-06-02 10:00:00'),
(50, 10, '2024-06-02 11:00:00'),
(11, 2, '2024-06-03 10:00:00'),
(12, 3, '2024-06-04 11:00:00'),
(13, 4, '2024-06-05 12:00:00'),
(14, 5, '2024-06-06 13:00:00'),
(15, 6, '2024-06-07 14:00:00'),
(16, 7, '2024-06-08 15:00:00'),
(17, 8, '2024-06-09 16:00:00'),
(18, 9, '2024-06-10 17:00:00'),
(19, 10, '2024-06-11 18:00:00'),
(20, 1, '2024-06-12 10:00:00');

-- Заполнение таблицы doctor_appointments для соответствия booked_doctors
INSERT INTO doctor_appointments (booked_doctor_id, complaint)
VALUES
(1, 'Серцева недостатність'),
(2, 'Серцева аритмія'),
(3, 'Серцева ішемія'),
(4, 'Серцева гіпертензія'),
(5, 'Серцева ангіопатія'),
(6, 'Серцева гіпертрофія'),
(7, 'Стенокардія'),
(8, 'Атеросклероз'),
(9, 'Міокардит'),
(10, 'Кардіоміопатія'),
(11, 'Серцева недостатність'),
(12, 'Серцева аритмія'),
(13, 'Серцева ішемія'),
(14, 'Серцева гіпертензія'),
(15, 'Серцева ангіопатія'),
(16, 'Серцева гіпертрофія'),
(17, 'Стенокардія'),
(18, 'Атеросклероз'),
(19, 'Міокардит'),
(20, 'Кардіоміопатія'),
(21, 'Серцева недостатність'),
(22, 'Серцева аритмія'),
(23, 'Серцева ішемія'),
(24, 'Серцева гіпертензія'),
(25, 'Серцева ангіопатія'),
(26, 'Серцева гіпертрофія'),
(27, 'Стенокардія'),
(28, 'Атеросклероз'),
(29, 'Міокардит'),
(30, 'Кардіоміопатія'),
(31, 'Серцева недостатність'),
(32, 'Серцева аритмія'),
(33, 'Серцева ішемія'),
(34, 'Серцева гіпертензія'),
(35, 'Серцева ангіопатія'),
(36, 'Серцева гіпертрофія'),
(37, 'Стенокардія'),
(38, 'Атеросклероз'),
(39, 'Міокардит'),
(40, 'Кардіоміопатія'),
(41, 'Серцева недостатність'),
(42, 'Серцева аритмія'),
(43, 'Серцева ішемія'),
(44, 'Серцева гіпертензія'),
(45, 'Серцева ангіопатія'),
(46, 'Серцева гіпертрофія'),
(47, 'Стенокардія'),
(48, 'Атеросклероз'),
(49, 'Міокардит'),
(50, 'Кардіоміопатія');

-- Заполнение таблицы allergens
INSERT INTO allergens (name)
VALUES
('Пилок'),
('Пил'),
('Горіхи'),
('Молоко'),
('Яйця'),
('Морепродукти'),
('Пшениця'),
('Соя'),
('Риба'),
('Тваринна шерсть');

-- Заполнение таблицы users_allergen
INSERT INTO users_allergen (user_id, allergen_id)
VALUES
(11, 1),
(12, 2),
(13, 3),
(14, 4),
(15, 5),
(16, 6),
(17, 7),
(18, 8),
(19, 9),
(20, 10),
(21, 1),
(22, 2),
(23, 3),
(24, 4),
(25, 5),
(26, 6),
(27, 7),
(28, 8),
(29, 9),
(30, 10),
(31, 1),
(32, 2),
(33, 3),
(34, 4),
(35, 5),
(36, 6),
(37, 7),
(38, 8),
(39, 9),
(40, 10),
(41, 1),
(42, 2),
(43, 3),
(44, 4),
(45, 5),
(46, 6),
(47, 7),
(48, 8),
(49, 9),
(50, 10);

-- Заполнение таблицы analyses
INSERT INTO analyses (name)
VALUES
('Аналіз крові'),
('Аналіз сечі'),
('Рентген'),
('МРТ'),
('КТ сканування'),
('УЗД'),
('ЕКГ'),
('ЕЕГ'),
('Алергопроба'),
('Тест на гормони щитоподібної залози');

-- Заполнение таблицы analyse_appointments
INSERT INTO analyse_appointments (analyse_id, doctor_appointment_id, is_completed)
VALUES
(1, 1, TRUE),
(2, 2, TRUE),
(3, 3, TRUE),
(4, 4, TRUE),
(5, 5, TRUE),
(6, 6, TRUE),
(7, 7, TRUE),
(8, 8, TRUE),
(9, 9, TRUE),
(10, 10, TRUE),
(1, 11, TRUE),
(2, 12, TRUE),
(3, 13, TRUE),
(4, 14, TRUE),
(5, 15, TRUE),
(6, 16, TRUE),
(7, 17, TRUE),
(8, 18, TRUE),
(9, 19, TRUE),
(10, 20, TRUE),
(1, 21, TRUE),
(2, 22, TRUE),
(3, 23, TRUE),
(4, 24, TRUE),
(5, 25, TRUE),
(6, 26, TRUE),
(7, 27, TRUE),
(8, 28, TRUE),
(9, 29, TRUE),
(10, 30, TRUE),
(1, 31, TRUE),
(2, 32, TRUE),
(3, 33, TRUE),
(4, 34, TRUE),
(5, 35, TRUE),
(6, 36, TRUE),
(7, 37, TRUE),
(8, 38, TRUE),
(9, 39, TRUE),
(10, 40, TRUE),
(1, 41, TRUE),
(2, 42, TRUE),
(3, 43, TRUE),
(4, 44, TRUE),
(5, 45, TRUE),
(6, 46, TRUE),
(7, 47, TRUE),
(8, 48, TRUE),
(9, 49, TRUE),
(10, 50, TRUE);

-- Заполнение таблицы drugs
INSERT INTO drugs (name, description)
VALUES
('Парацетамол', 'Знеболювальний і жарознижувальний засіб.'),
('Ібупрофен', 'Протизапальний і знеболювальний засіб.'),
('Амоксицилін', 'Антибіотик для лікування бактеріальних інфекцій.'),
('Метформін', 'Використовується для лікування діабету 2 типу.'),
('Аспірин', 'Знеболювальний і розріджуючий кров.'),
('Омепразол', 'Зменшує кислотність шлунка.'),
('Аторвастатин', 'Знижує рівень холестерину.'),
('Метопролол', 'Лікує високий тиск.'),
('Лізиноприл', 'Лікує високий тиск. Лікує серцеву недостатність.'),
('Альбутерол', 'Лікує астму.');

INSERT INTO drugs (name, description)
VALUES
('Бісопролол', 'Лікує серцеву недостатність.'),
('Карведилол', 'Лікує серцеву недостатність.'),
('Еналаприл', 'Лікує серцеву недостатність.'),
('Валсартан', 'Лікує серцеву недостатність.'),
('Амлодипін', 'Лікує серцеву недостатність.'),
('Небіволол', 'Лікує серцеву недостатність.'),
('Дигоксин', 'Лікує серцеву недостатність.');

-- Заполнение таблицы prescription_drugs
INSERT INTO prescription_drugs (drug_id, doctor_appointment_id)
VALUES
(1, 1),
(2, 2),
(3, 3),
(4, 4),
(5, 5),
(6, 6),
(7, 7),
(8, 8),
(9, 9),
(10, 10),
(1, 11),
(2, 12),
(3, 13),
(4, 14),
(5, 15),
(6, 16),
(7, 17),
(8, 18),
(9, 19),
(10, 20),
(1, 21),
(2, 22),
(3, 23),
(4, 24),
(5, 25),
(6, 26),
(7, 27),
(8, 28),
(9, 29),
(10, 30),
(1, 31),
(2, 32),
(3, 33),
(4, 34),
(5, 35),
(6, 36),
(7, 37),
(8, 38),
(9, 39),
(10, 40),
(1, 41),
(2, 42),
(3, 43),
(4, 44),
(5, 45),
(6, 46),
(7, 47),
(8, 48),
(9, 49),
(10, 50);

-- Добавление записей в таблицу prescription_drugs для новых препаратов
INSERT INTO prescription_drugs (drug_id, doctor_appointment_id)
VALUES
(11, 1),
(12, 2),
(13, 3),
(14, 4),
(15, 5),
(16, 6),
(17, 7),
(11, 8),
(12, 9),
(13, 10),
(14, 11),
(15, 12),
(16, 13),
(17, 14),
(11, 15),
(12, 16),
(13, 17),
(14, 18),
(15, 19),
(16, 20);

-- Заполнение таблицы patient_sick_leave
INSERT INTO patient_sick_leave (doctor_appointment_id, start_date, end_date)
VALUES
(1, '2024-05-25', '2024-06-01'),
(2, '2024-05-26', '2024-06-02'),
(3, '2024-05-27', '2024-06-03'),
(4, '2024-05-28', '2024-06-04'),
(5, '2024-05-29', '2024-06-05'),
(6, '2024-05-30', '2024-06-06'),
(7, '2024-05-31', '2024-06-07'),
(8, '2024-06-01', '2024-06-08'),
(9, '2024-06-02', '2024-06-09'),
(10, '2024-06-03', '2024-06-10'),
(11, '2024-06-04', '2024-06-11'),
(12, '2024-06-05', '2024-06-12'),
(13, '2024-06-06', '2024-06-13'),
(14, '2024-06-07', '2024-06-14'),
(15, '2024-06-08', '2024-06-15'),
(16, '2024-06-09', '2024-06-16'),
(17, '2024-06-10', '2024-06-17'),
(18, '2024-06-11', '2024-06-18'),
(19, '2024-06-12', '2024-06-19'),
(20, '2024-06-13', '2024-06-20'),
(21, '2024-06-14', '2024-06-21'),
(22, '2024-06-15', '2024-06-22'),
(23, '2024-06-16', '2024-06-23'),
(24, '2024-06-17', '2024-06-24'),
(25, '2024-06-18', '2024-06-25'),
(26, '2024-06-19', '2024-06-26'),
(27, '2024-06-20', '2024-06-27'),
(28, '2024-06-21', '2024-06-28'),
(29, '2024-06-22', '2024-06-29'),
(30, '2024-06-23', '2024-06-30'),
(31, '2024-06-24', '2024-07-01'),
(32, '2024-06-25', '2024-07-02'),
(33, '2024-06-26', '2024-07-03'),
(34, '2024-06-27', '2024-07-04'),
(35, '2024-06-28', '2024-07-05'),
(36, '2024-06-29', '2024-07-06'),
(37, '2024-06-30', '2024-07-07'),
(38, '2024-07-01', '2024-07-08'),
(39, '2024-07-02', '2024-07-09'),
(40, '2024-07-03', '2024-07-10');


SELECT * FROM users;
SELECT * FROM phone_numbers;
SELECT * FROM roles;
SELECT * FROM users_roles;
SELECT * FROM allergens;
SELECT * FROM users_allergen;
SELECT * FROM booked_doctors;
SELECT * FROM doctor_appointments;
SELECT * FROM analyses;
SELECT * FROM analyse_appointments;
SELECT * FROM patient_sick_leave;
SELECT * FROM drugs;
SELECT * FROM prescription_drugs;
SELECT * FROM messages;
